Time,HR bpm
00:00.6,90
00:01.2,90
00:01.9,88
00:02.6,89
00:03.2,89
00:03.9,92
00:04.6,97
00:05.2,100
00:05.8,108
00:06.3,109
00:06.9,109
00:07.4,94
00:08.1,89
00:08.8,84
00:09.5,71
00:10.3,75
00:11.1,71
00:12.0,73
00:12.8,79
00:13.6,77
00:14.3,80
00:15.1,81
00:15.8,83
00:16.6,86
00:17.3,86
00:18.0,85
00:18.7,88
00:19.4,83
00:20.1,84
00:20.8,84
00:21.5,83
00:22.2,86
00:22.9,84
00:23.6,83
00:24.4,90
00:25.0,92
00:25.7,99
00:26.3,100
00:26.9,107
00:27.4,105
00:28.0,105
00:28.6,100
00:29.2,93
00:29.8,81
00:30.6,87
00:31.3,83
00:32.0,81
00:32.7,92
00:33.4,94
00:34.0,98
00:34.6,100
00:35.2,99
00:35.8,103
00:36.4,102
00:37.0,103
00:37.6,100
00:38.2,99
00:38.8,103
00:39.4,101
00:39.9,99
00:40.6,82
00:41.3,83
00:42.0,79
00:42.8,83
00:43.5,85
00:44.2,83
00:44.9,85
00:45.6,89
00:46.3,89
00:47.0,88
00:47.7,91
00:48.3,89
00:49.0,89
00:49.7,88
00:50.3,86
00:51.0,86
00:51.7,86
00:52.4,87
00:53.1,89
00:53.8,93
00:54.5,92
00:55.1,95
00:55.7,103
00:56.3,92
00:57.0,96
00:57.6,92
00:58.2,85
00:58.9,78
00:59.7,78
01:00.5,79
01:01.2,79
01:02.0,82
01:02.7,86
01:03.4,88
01:04.1,93
01:04.8,95
01:05.4,95
01:06.0,96
01:06.6,96
01:07.3,97
01:07.9,84
01:08.6,80
01:09.3,71
01:10.2,70
01:11.1,74
01:11.9,77
01:12.6,82
01:13.4,85
01:14.1,88
01:14.8,91
01:15.4,90
01:16.1,93
01:16.7,92
01:17.4,90
01:18.0,89
01:18.7,86
01:19.4,81
01:20.2,84
01:20.9,83
01:21.6,86
01:22.3,92
01:22.9,94
01:23.6,94
01:24.2,95
01:24.8,93
01:25.5,91
01:26.2,87
01:26.8,88
01:27.5,86
01:28.2,88
01:28.9,87
01:29.6,87
01:30.3,93
01:30.9,90
01:31.6,90
01:32.3,93
01:32.9,93
01:33.5,96
01:34.2,97
01:34.8,99
01:35.4,99
01:36.0,92
01:36.7,84
01:37.4,82
01:38.1,83
01:38.8,85
01:39.5,84
01:40.2,87
01:40.9,88
01:41.6,88
01:42.3,90
01:43.0,91
01:43.6,91
01:44.3,90
01:45.0,88
01:45.6,88
01:46.3,93
01:47.0,92
01:47.6,93
01:48.3,93
01:48.9,89
01:49.6,94
01:50.2,98
01:50.8,90
01:51.5,85
01:52.2,78
01:53.0,83
01:53.7,79
01:54.5,83
01:55.2,85
01:55.9,86
01:56.6,88
01:57.3,88
01:57.9,91
01:58.6,95
01:59.2,93
01:59.9,97
02:00.5,96
02:01.1,93
02:01.8,89
02:02.4,85
02:03.1,91
02:03.8,89
02:04.5,90
02:05.1,97
02:05.7,97
02:06.4,98
02:07.0,100
02:07.6,100
02:08.2,97
02:08.8,102
02:09.4,100
02:10.0,100
02:10.6,102
02:11.2,103
02:11.8,103
02:12.3,108
02:12.9,109
02:13.5,110
02:14.0,112
02:14.5,112
02:15.1,112
02:15.6,111
02:16.2,111
02:16.7,108
02:17.2,105
02:17.8,104
02:18.4,105
02:19.0,103
02:19.5,102
02:20.1,105
02:20.7,104
02:21.3,103
02:21.9,106
02:22.4,108
02:23.0,108
02:23.5,110
02:24.1,112
02:24.6,113
02:25.2,112
02:25.7,113
02:26.2,114
02:26.7,113
02:27.3,111
02:27.8,109
02:28.4,110
02:28.9,107
02:29.5,105
02:30.0,107
02:30.6,101
02:31.2,99
02:31.8,97
02:32.4,98
02:33.0,99
02:33.6,104
02:34.2,106
02:34.8,106
02:35.4,108
02:35.9,111
02:36.4,110
02:37.0,110
02:37.5,111
02:38.1,109
02:38.6,107
02:39.2,105
02:39.8,105
02:40.3,106
02:40.9,105
02:41.5,103
02:42.0,102
02:42.6,107
02:43.2,108
02:43.7,110
02:44.3,112
02:44.8,116
02:45.3,113
02:45.9,112
02:46.4,107
02:47.0,101
02:47.6,99
02:48.2,99
02:48.8,96
02:49.4,100
02:50.0,97
02:50.6,101
02:51.2,100
02:51.8,106
02:52.4,105
02:52.9,107
02:53.5,105
02:54.1,106
02:54.6,108
02:55.2,111
02:55.7,111
02:56.3,109
02:56.8,108
02:57.4,109
02:57.9,111
02:58.5,112
02:59.0,112
02:59.5,115
03:00.1,112
03:00.6,106
03:01.2,100
03:01.8,99
03:02.4,93
03:03.0,96
03:03.6,96
03:04.3,95
03:04.9,97
03:05.5,95
03:06.1,97
03:06.8,98
03:07.4,98
03:08.0,100
03:08.6,102
03:09.2,104
03:09.8,109
03:10.3,110
03:10.9,109
03:11.4,108
03:12.0,106
03:12.5,107
03:13.1,104
03:13.7,103
03:14.3,106
03:14.8,105
03:15.4,105
03:16.0,102
03:16.6,107
03:17.1,104
03:17.7,105
03:18.3,108
03:18.8,106
03:19.4,107
03:19.9,109
03:20.5,112
03:21.0,112
03:21.6,112
03:22.1,113
03:22.6,112
03:23.2,111
03:23.7,110
03:24.3,112
03:24.8,108
03:25.3,103
03:25.9,103
03:26.5,103
03:27.1,104
03:27.7,105
03:28.2,110
03:28.8,109
03:29.3,109
03:29.9,111
03:30.4,114
03:30.9,114
03:31.5,115
03:32.0,113
03:32.5,113
03:33.1,111
03:33.6,110
03:34.1,109
03:34.7,105
03:35.3,108
03:35.8,108
03:36.4,108
03:36.9,108
03:37.5,107
03:38.1,107
03:38.6,110
03:39.2,113
03:39.7,113
03:40.2,115
03:40.7,117
03:41.3,117
03:41.8,117
03:42.3,118
03:42.8,115
03:43.3,111
03:43.9,104
03:44.4,103
03:45.0,97
03:45.6,93
03:46.3,98
03:46.9,95
03:47.5,96
03:48.1,98
03:48.8,102
03:49.3,100
03:49.9,101
03:50.5,103
03:51.1,101
03:51.7,102
03:52.3,106
03:52.9,104
03:53.4,106
03:54.0,112
03:54.5,107
03:55.1,108
03:55.7,108
03:56.2,111
03:56.8,110
03:57.3,111
03:57.8,112
03:58.4,113
03:58.9,113
03:59.4,113
04:00.0,116
04:00.5,112
04:01.0,111
04:01.6,113
04:02.1,115
04:02.6,115
04:03.1,117
04:03.7,119
04:04.2,120
04:04.7,122
04:05.1,124
04:05.6,123
04:06.1,126
04:06.6,127
04:07.1,126
04:07.5,124
04:08.0,132
04:08.5,128
04:09.0,128
04:09.4,128
04:09.9,127
04:10.4,127
04:10.8,133
04:11.3,131
04:11.7,128
04:12.2,129
04:12.7,128
04:13.1,128
04:13.6,134
04:14.1,134
04:14.5,133
04:15.0,133
04:15.4,132
04:15.9,131
04:16.3,133
04:16.8,138
04:17.2,135
04:17.7,133
04:18.1,135
04:18.6,132
04:19.0,133
04:19.5,137
04:19.9,139
04:20.3,137
04:20.8,137
04:21.2,137
04:21.6,135
04:22.1,135
04:22.5,138
04:23.0,140
04:23.4,138
04:23.8,138
04:24.3,137
04:24.7,135
04:25.1,135
04:25.6,137
04:26.0,138
04:26.5,139
04:26.9,139
04:27.3,137
04:27.8,136
04:28.2,135
04:28.6,134
04:29.1,135
04:29.5,138
04:30.0,138
04:30.4,137
04:30.8,137
04:31.3,135
04:31.7,134
04:32.2,133
04:32.6,133
04:33.1,135
04:33.5,137
04:34.0,137
04:34.4,135
04:34.8,134
04:35.3,133
04:35.7,132
04:36.2,134
04:36.6,137
04:37.1,139
04:37.5,138
04:37.9,136
04:38.4,135
04:38.8,136
04:39.3,136
04:39.7,138
04:40.1,140
04:40.6,141
04:41.0,139
04:41.4,137
04:41.9,136
04:42.3,137
04:42.8,137
04:43.2,138
04:43.6,140
04:44.1,143
04:44.5,141
04:44.9,139
04:45.3,139
04:45.8,137
04:46.2,138
04:46.6,137
04:47.1,138
04:47.5,139
04:47.9,140
04:48.4,141
04:48.8,142
04:49.2,140
04:49.6,138
04:50.1,138
04:50.5,137
04:51.0,138
04:51.4,138
04:51.8,141
04:52.3,144
04:52.7,143
04:53.1,144
04:53.5,144
04:53.9,143
04:54.3,141
04:54.8,141
04:55.2,141
04:55.6,141
04:56.0,140
04:56.5,142
04:56.9,144
04:57.3,143
04:57.7,144
04:58.2,146
04:58.6,146
04:59.0,145
04:59.4,148
04:59.8,147
05:00.2,146
05:00.6,145
05:01.0,146
05:01.4,146
05:01.8,146
05:02.3,145
05:02.7,147
05:03.1,146
05:03.5,147
05:03.9,147
05:04.3,149
05:04.7,148
05:05.1,149
05:05.5,148
05:05.9,148
05:06.3,149
05:06.7,149
05:07.1,148
05:07.5,148
05:08.0,149
05:08.4,149
05:08.8,148
05:09.2,149
05:09.6,149
05:10.0,149
05:10.4,149
05:10.8,150
05:11.2,150
05:11.6,149
05:12.0,150
05:12.4,150
05:12.8,150
05:13.2,150
05:13.6,150
05:14.0,151
05:14.4,151
05:14.8,150
05:15.2,150
05:15.6,151
05:16.0,151
05:16.4,150
05:16.8,151
05:17.2,151
05:17.6,151
05:18.0,150
05:18.4,150
05:18.8,150
05:19.2,152
05:19.6,151
05:19.9,151
05:20.3,150
05:20.7,149
05:21.1,148
05:21.6,149
05:22.0,150
05:22.4,150
05:22.8,150
05:23.2,152
05:23.6,152
05:23.9,152
05:24.3,152
05:24.7,153
05:25.1,152
05:25.5,154
05:25.9,153
05:26.3,155
05:26.7,153
05:27.1,153
05:27.5,153
05:27.9,155
05:28.3,155
05:28.6,154
05:29.0,154
05:29.4,154
05:29.8,154
05:30.2,154
05:30.6,156
05:31.0,155
05:31.4,155
05:31.7,154
05:32.1,157
05:32.5,156
05:32.9,156
05:33.3,155
05:33.7,156
05:34.1,156
05:34.4,157
05:34.8,157
05:35.2,159
05:35.6,157
05:36.0,159
05:36.3,160
05:36.7,161
05:37.1,157
05:37.5,161
05:37.8,162
05:38.2,160
05:38.6,160
05:39.0,158
05:39.3,159
05:39.7,159
05:40.1,160
05:40.5,158
05:40.9,160
05:41.2,159
05:41.6,160
05:42.0,160
05:42.4,161
05:42.7,163
05:43.1,162
05:43.5,160
05:43.8,162
05:44.2,163
05:44.6,162
05:45.0,161
05:45.3,161
05:45.7,163
05:46.1,160
05:46.4,161
05:46.8,160
05:47.2,161
05:47.6,161
05:47.9,163
05:48.3,162
05:48.7,161
05:49.0,161
05:49.4,163
05:49.8,163
05:50.2,163
05:50.5,161
05:50.9,160
05:51.3,160
05:51.6,159
05:52.0,160
05:52.4,160
05:52.8,160
05:53.2,159
05:53.5,160
05:53.9,160
05:54.3,161
05:54.7,160
05:55.0,160
05:55.4,162
05:55.8,162
05:56.1,161
05:56.5,160
05:56.9,160
05:57.3,160
05:57.6,160
05:58.0,158
05:58.4,159
05:58.8,159
05:59.1,159
05:59.5,158
05:59.9,161
06:00.3,159
06:00.7,161
06:01.0,161
06:01.4,162
06:01.8,163
06:02.1,163
06:02.5,163
06:02.9,161
06:03.2,162
06:03.6,160
06:04.0,162
06:04.4,161
06:04.7,162
06:05.1,162
06:05.5,163
06:05.8,163
06:06.2,166
06:06.6,164
06:06.9,165
06:07.3,166
06:07.7,164
06:08.0,164
06:08.4,163
06:08.8,165
06:09.1,165
06:09.5,166
06:09.8,164
06:10.2,166
06:10.6,168
06:10.9,166
06:11.3,165
06:11.7,168
06:12.0,168
06:12.4,168
06:12.7,168
06:13.1,166
06:13.4,166
06:13.8,166
06:14.2,167
06:14.5,167
06:14.9,168
06:15.2,167
06:15.6,169
06:16.0,169
06:16.3,170
06:16.7,169
06:17.0,169
06:17.4,169
06:17.7,167
06:18.1,168
06:18.4,167
06:18.8,168
06:19.2,168
06:19.5,169
06:19.9,168
06:20.2,168
06:20.6,168
06:21.0,168
06:21.3,168
06:21.7,166
06:22.0,166
06:22.4,166
06:22.8,167
06:23.1,165
06:23.5,167
06:23.8,167
06:24.2,167
06:24.5,167
06:24.9,168
06:25.3,167
06:25.6,166
06:26.0,165
06:26.4,165
06:26.7,164
06:27.1,164
06:27.4,165
06:27.8,165
06:28.2,165
06:28.5,166
06:28.9,167
06:29.3,167
06:29.6,168
06:30.0,167
06:30.3,168
06:30.7,167
06:31.1,165
06:31.4,167
06:31.8,166
06:32.1,166
06:32.5,166
06:32.9,168
06:33.2,169
06:33.6,165
06:33.9,167
06:34.3,169
06:34.7,168
06:35.0,168
06:35.4,168
06:35.7,166
06:36.1,168
06:36.4,167
06:36.8,169
06:37.2,169
06:37.5,170
06:37.9,168
06:38.2,169
06:38.6,170
06:38.9,169
06:39.3,169
06:39.6,167
06:40.0,169
06:40.4,167
06:40.7,169
06:41.1,169
06:41.4,169
06:41.8,169
06:42.1,169
06:42.5,170
06:42.8,169
06:43.2,169
06:43.6,167
06:43.9,169
06:44.3,168
06:44.6,168
06:45.0,169
06:45.3,169
06:45.7,171
06:46.0,170
06:46.4,169
06:46.8,170
06:47.1,169
06:47.5,169
06:47.8,168
06:48.2,169
06:48.5,169
06:48.9,169
06:49.2,169
06:49.6,169
06:50.0,170
06:50.3,171
06:50.7,169
06:51.0,170
06:51.4,169
06:51.7,169
06:52.1,169
06:52.4,169
06:52.8,170
06:53.1,171
06:53.5,171
06:53.8,171
06:54.2,169
06:54.5,169
06:54.9,169
06:55.2,169
06:55.6,169
06:56.0,169
06:56.3,171
06:56.7,169
06:57.0,172
06:57.4,170
06:57.7,168
06:58.1,169
06:58.4,169
06:58.8,169
06:59.1,169
06:59.5,171
06:59.8,169
07:00.2,170
07:00.5,170
07:00.9,169
07:01.3,169
07:01.6,169
07:02.0,169
07:02.3,169
07:02.7,171
07:03.0,171
07:03.4,169
07:03.7,171
07:04.1,170
07:04.4,170
07:04.8,169
07:05.1,170
07:05.5,169
07:05.8,170
07:06.2,170
07:06.5,170
07:06.9,172
07:07.2,170
07:07.6,170
07:08.0,169
07:08.3,170
07:08.7,169
07:09.0,169
07:09.4,170
07:09.7,170
07:10.1,171
07:10.4,171
07:10.8,171
07:11.1,169
07:11.5,170
07:11.8,169
07:12.2,170
07:12.5,169
07:12.9,169
07:13.2,171
07:13.6,171
07:13.9,171
07:14.3,169
07:14.7,170
07:15.0,169
07:15.4,169
07:15.7,169
07:16.1,170
07:16.4,171
07:16.8,169
07:17.1,170
07:17.5,171
07:17.8,170
07:18.2,169
07:18.5,169
07:18.9,169
07:19.2,171
07:19.6,170
07:19.9,170
07:20.3,170
07:20.7,172
07:21.0,172
07:21.4,171
07:21.7,172
07:22.0,170
07:22.4,170
07:22.8,170
07:23.1,172
07:23.5,172
07:23.8,171
07:24.2,171
07:24.5,173
07:24.9,172
07:25.2,170
07:25.6,171
07:25.9,170
07:26.3,171
07:26.6,170
07:27.0,171
07:27.3,172
07:27.7,171
07:28.0,172
07:28.4,173
07:28.7,172
07:29.1,170
07:29.4,172
07:29.8,171
07:30.1,171
07:30.5,171
07:30.8,171
07:31.2,173
07:31.5,171
07:31.9,173
07:32.2,171
07:32.5,171
07:32.9,172
07:33.2,171
07:33.6,171
07:33.9,173
07:34.3,172
07:34.6,173
07:35.0,172
07:35.3,171
07:35.7,172
07:36.0,171
07:36.4,172
07:36.7,172
07:37.1,175
07:37.4,173
07:37.8,174
07:38.1,174
07:38.5,171
07:38.8,173
07:39.2,171
07:39.5,173
07:39.9,173
07:40.2,175
07:40.5,172
07:40.9,174
07:41.2,173
07:41.6,171
07:41.9,172
07:42.3,172
07:42.6,172
07:43.0,172
07:43.3,173
07:43.7,174
07:44.0,172
07:44.4,172
07:44.7,171
07:45.1,172
07:45.4,173
07:45.8,173
07:46.1,172
07:46.5,172
07:46.8,176
07:47.1,173
07:47.5,173
07:47.8,172
07:48.2,172
07:48.5,172
07:48.9,174
07:49.2,173
07:49.6,173
07:49.9,174
07:50.3,172
07:50.6,172
07:51.0,172
07:51.3,172
07:51.7,173
07:52.0,174
07:52.4,173
07:52.7,173
07:53.0,173
07:53.4,172
07:53.7,172
07:54.1,171
07:54.4,172
07:54.8,172
07:55.1,172
07:55.5,173
07:55.8,171
07:56.2,174
07:56.5,172
07:56.9,173
07:57.2,169
07:57.6,172
07:57.9,172
07:58.3,172
07:58.6,172
07:59.0,173
07:59.3,173
07:59.7,170
08:00.0,171
08:00.4,170
08:00.7,173
08:01.1,172
08:01.4,173
08:01.8,170
08:02.1,173
08:02.5,173
08:02.8,171
08:03.2,171
08:03.5,171
08:03.9,173
08:04.2,171
08:04.6,174
08:04.9,172
08:05.2,172
08:05.6,173
08:05.9,172
08:06.3,171
08:06.6,172
08:07.0,172
08:07.3,173
08:07.7,173
08:08.0,174
08:08.4,174
08:08.7,174
08:09.1,174
08:09.4,175
08:09.7,175
08:10.1,173
08:10.4,173
08:10.8,174
08:11.1,174
08:11.5,176
08:11.8,176
08:12.2,175
08:12.5,175
08:12.8,177
08:13.2,176
08:13.5,174
08:13.9,176
08:14.2,175
08:14.5,176
08:14.9,180
08:15.2,176
08:15.6,175
08:15.9,179
08:16.2,177
08:16.6,175
08:16.9,177
08:17.3,177
08:17.6,180
08:17.9,178
08:18.3,178
08:18.6,178
08:18.9,180
08:19.3,177
08:19.6,178
08:20.0,178
08:20.3,179
08:20.6,180
08:21.0,179
08:21.3,179
08:21.6,179
08:22.0,178
08:22.3,178
08:22.6,176
08:23.0,179
08:23.3,179
08:23.7,179
08:24.0,179
08:24.3,178
08:24.7,180
08:25.0,178
08:25.3,178
08:25.7,177
08:26.0,178
08:26.4,179
08:26.7,180
08:27.0,176
08:27.4,182
08:27.7,179
08:28.0,177
08:28.4,176
08:28.7,178
08:29.0,179
08:29.4,180
08:29.7,179
08:30.1,177
08:30.4,180
08:30.7,179
08:31.1,177
08:31.4,178
08:31.7,177
08:32.1,179
08:32.4,178
08:32.7,181
08:33.1,179
08:33.4,179
08:33.8,179
08:34.1,178
08:34.4,180
08:34.8,179
08:35.1,179
08:35.4,179
08:35.8,180
08:36.1,178
08:36.4,178
08:36.8,179
08:37.1,179
08:37.4,180
08:37.8,179
08:38.1,178
08:38.5,180
08:38.8,178
08:39.1,179
08:39.5,179
08:39.8,179
08:40.1,180
08:40.5,178
08:40.8,181
08:41.1,179
08:41.5,178
08:41.8,179
08:42.1,179
08:42.5,181
08:42.8,181
08:43.1,177
08:43.5,182
08:43.8,181
08:44.1,176
08:44.5,179
08:44.8,178
08:45.2,182
08:45.5,180
08:45.8,180
08:46.2,178
08:46.5,181
08:46.8,181
08:47.2,178
08:47.5,180
08:47.8,179
08:48.2,180
08:48.5,180
08:48.8,181
08:49.2,180
08:49.5,180
08:49.8,181
08:50.2,179
08:50.5,179
08:50.8,181
08:51.2,181
08:51.5,181
08:51.8,179
08:52.2,181
08:52.5,179
08:52.8,181
08:53.2,181
08:53.5,181
08:53.8,181
08:54.2,181
08:54.5,179
08:54.8,179
08:55.2,180
08:55.5,181
08:55.8,182
08:56.1,178
08:56.5,182
08:56.8,180
08:57.1,178
08:57.5,180
08:57.8,178
08:58.2,182
08:58.5,180
08:58.8,179
08:59.2,180
08:59.5,179
08:59.8,179
09:00.2,179
09:00.5,180
09:00.8,180
09:01.2,180
09:01.5,180
09:01.8,178
09:02.2,178
09:02.5,179
09:02.8,180
09:03.2,180
09:03.5,180
09:03.8,178
09:04.2,180
09:04.5,179
09:04.8,178
09:05.2,180
09:05.5,178
09:05.9,179
09:06.2,177
09:06.5,182
09:06.9,178
09:07.2,176
09:07.5,179
09:07.9,178
09:08.2,181
09:08.5,180
09:08.9,178
09:09.2,180
09:09.5,180
09:09.9,179
09:10.2,178
09:10.6,179
09:10.9,178
09:11.2,181
09:11.6,180
09:11.9,179
09:12.2,180
09:12.6,179
09:12.9,179
09:13.2,179
09:13.6,179
09:13.9,180
09:14.2,180
09:14.6,180
09:14.9,180
09:15.2,181
09:15.6,179
09:15.9,180
09:16.2,179
09:16.6,180
09:16.9,179
09:17.2,183
09:17.6,179
09:17.9,180
09:18.2,181
09:18.6,181
09:18.9,181
09:19.2,182
09:19.6,181
09:19.9,182
09:20.2,180
09:20.6,180
09:20.9,180
09:21.2,182
09:21.6,183
09:21.9,182
09:22.2,181
09:22.5,181
09:22.9,182
09:23.2,180
09:23.5,182
09:23.9,184
09:24.2,182
09:24.5,180
09:24.9,181
09:25.2,183
09:25.5,180
09:25.9,182
09:26.2,182
09:26.5,183
09:26.8,180
09:27.2,183
09:27.5,183
09:27.8,180
09:28.2,181
09:28.5,182
09:28.8,181
09:29.2,183
09:29.5,181
09:29.8,183
09:30.1,182
09:30.5,182
09:30.8,180
09:31.1,182
09:31.5,183
09:31.8,184
09:32.1,185
09:32.4,178
09:32.8,185
09:33.1,181
09:33.4,183
09:33.8,182
09:34.1,183
09:34.4,181
09:34.7,185
09:35.1,182
09:35.4,181
09:35.7,182
09:36.1,182
09:36.4,185
09:36.7,183
09:37.0,183
09:37.4,184
09:37.7,181
09:38.0,182
09:38.4,182
09:38.7,182
09:39.0,183
09:39.3,185
09:39.7,182
09:40.0,182
09:40.3,183
09:40.7,183
09:41.0,183
09:41.3,183
09:41.6,185
09:42.0,184
09:42.3,181
09:42.6,184
09:43.0,182
09:43.3,186
09:43.6,185
09:43.9,183
09:44.3,185
09:44.6,182
09:44.9,183
09:45.2,182
09:45.6,183
09:45.9,183
09:46.2,186
09:46.5,183
09:46.9,182
09:47.2,183
09:47.5,183
09:47.9,186
09:48.2,184
09:48.5,183
09:48.8,186
09:49.2,182
09:49.5,182
09:49.8,182
09:50.1,185
09:50.5,183
09:50.8,186
09:51.1,182
09:51.4,184
09:51.8,183
09:52.1,183
09:52.4,185
09:52.7,184
09:53.1,186
09:53.4,185
09:53.7,181
09:54.1,182
09:54.4,183
09:54.7,183
09:55.0,186
09:55.4,185
09:55.7,184
09:56.0,180
09:56.3,185
09:56.7,182
09:57.0,184
09:57.3,184
09:57.6,183
09:58.0,185
09:58.3,181
09:58.6,182
09:59.0,182
09:59.3,182
09:59.6,182
09:59.9,185
10:00.3,182
10:00.6,180
10:00.9,182
10:01.3,181
10:01.6,186
10:01.9,182
10:02.2,182
10:02.6,185
10:02.9,180
10:03.2,182
10:03.6,180
10:03.9,184
10:04.2,182
10:04.6,184
10:04.9,181
10:05.2,183
10:05.5,182
10:05.9,183
10:06.2,183
10:06.5,183
10:06.9,184
10:07.2,185
10:07.5,182
10:07.8,183
10:08.2,183
10:08.5,185
10:08.8,184
10:09.1,184
10:09.5,183
10:09.8,186
10:10.1,182
10:10.4,183
10:10.8,183
10:11.1,185
10:11.4,185
10:11.7,186
10:12.1,185
10:12.4,187
10:12.7,182
10:13.0,188
10:13.4,183
10:13.7,183
10:14.0,183
10:14.3,186
10:14.7,188
10:15.0,186
10:15.3,183
10:15.6,188
10:16.0,186
10:16.3,184
10:16.6,186
10:16.9,185
10:17.3,188
10:17.6,186
10:17.9,189
10:18.2,183
10:18.5,188
10:18.9,187
10:19.2,186
10:19.5,187
10:19.8,186
10:20.1,187
10:20.5,188
10:20.8,188
10:21.1,185
10:21.4,186
10:21.8,186
10:22.1,189
10:22.4,189
10:22.7,186
10:23.0,189
10:23.4,189
10:23.7,185
10:24.0,185
10:24.3,187
10:24.6,187
10:25.0,188
10:25.3,189
10:25.6,188
10:25.9,186
10:26.2,188
10:26.6,185
10:26.9,188
10:27.2,189
10:27.5,189
10:27.8,189
10:28.2,189
10:28.5,187
10:28.8,185
10:29.1,188
10:29.4,188
10:29.8,190
10:30.1,186
10:30.4,189
10:30.7,190
10:31.0,185
10:31.3,187
10:31.7,186
10:32.0,189
10:32.3,189
10:32.6,190
10:32.9,189
10:33.3,186
10:33.6,189
10:33.9,186
10:34.2,189
10:34.5,188
10:34.9,189
10:35.2,189
10:35.5,190
10:35.8,187
10:36.1,185
10:36.5,188
10:36.8,188
10:37.1,189
10:37.4,188
10:37.7,189
10:38.1,190
10:38.4,187
10:38.7,189
10:39.0,188
10:39.3,187
10:39.6,189
10:40.0,189
10:40.3,189
10:40.6,190
10:40.9,190
10:41.2,187
10:41.6,188
10:41.9,188
10:42.2,189
10:42.5,190
10:42.8,191
10:43.1,190
10:43.5,185
10:43.8,188
10:44.1,188
10:44.4,190
10:44.7,190
10:45.0,190
10:45.4,188
10:45.7,190
10:46.0,189
10:46.3,186
10:46.6,189
10:47.0,189
10:47.3,189
10:47.6,190
10:47.9,189
10:48.2,188
10:48.5,188
10:48.9,187
10:49.2,188
10:49.5,189
10:49.8,190
10:50.1,189
10:50.5,191
10:50.8,187
10:51.1,187
10:51.4,186
10:51.7,191
10:52.0,188
10:52.4,189
10:52.7,189
10:53.0,188
10:53.3,189
10:53.6,188
10:54.0,188
10:54.3,187
10:54.6,189
10:54.9,190
10:55.2,187
10:55.6,188
10:55.9,186
10:56.2,189
10:56.5,188
10:56.8,188
10:57.1,188
10:57.5,189
10:57.8,185
10:58.1,188
10:58.4,186
10:58.8,188
10:59.1,187
10:59.4,189
10:59.7,190
11:00.0,189
11:00.3,184
11:00.7,189
11:01.0,186
11:01.3,189
11:01.6,188
11:01.9,188
11:02.3,190
11:02.6,188
11:02.9,186
11:03.2,188
11:03.5,186
11:03.9,190
11:04.2,189
11:04.5,188
11:04.8,191
11:05.1,190
11:05.4,185
11:05.8,188
11:06.1,187
11:06.4,191
11:06.7,189
11:07.0,189
11:07.4,192
11:07.7,189
11:08.0,186
11:08.3,187
11:08.6,189
11:09.0,192
11:09.3,190
11:09.6,187
11:09.9,192
11:10.2,190
11:10.5,187
11:10.9,188
11:11.2,189
11:11.5,192
11:11.8,190
11:12.1,189
11:12.4,192
11:12.7,188
11:13.1,189
11:13.4,188
11:13.7,191
11:14.0,190
11:14.3,192
11:14.6,189
11:15.0,190
11:15.3,190
11:15.6,189
11:15.9,192
11:16.2,188
11:16.5,192
11:16.9,192
11:17.2,189
11:17.5,188
11:17.8,189
11:18.1,192
11:18.4,192
11:18.7,190
11:19.1,192
11:19.4,192
11:19.7,190
11:20.0,189
11:20.3,190
11:20.6,192
11:20.9,190
11:21.3,193
11:21.6,189
11:21.9,192
11:22.2,189
11:22.5,192
11:22.8,192
11:23.1,191
11:23.5,192
11:23.8,192
11:24.1,190
11:24.4,188
11:24.7,192
11:25.0,191
11:25.3,193
11:25.7,190
11:26.0,190
11:26.3,192
11:26.6,189
11:26.9,192
11:27.2,190
11:27.5,192
11:27.9,194
11:28.2,190
11:28.5,189
11:28.8,190
11:29.1,192
11:29.4,193
11:29.7,192
11:30.1,191
11:30.4,191
11:30.7,193
11:31.0,189
11:31.3,192
11:31.6,192
11:31.9,191
11:32.2,194
11:32.6,192
11:32.9,190
11:33.2,192
11:33.5,192
11:33.8,192
11:34.1,194
11:34.4,195
11:34.7,188
11:35.1,190
11:35.4,192
11:35.7,193
11:36.0,192
11:36.3,194
11:36.6,191
11:36.9,190
11:37.2,191
11:37.6,192
11:37.9,194
11:38.2,190
11:38.5,194
11:38.8,193
11:39.1,190
11:39.4,193
11:39.7,190
11:40.1,192
11:40.4,193
11:40.7,192
11:41.0,190
11:41.3,189
11:41.6,192
11:41.9,192
11:42.3,194
11:42.6,191
11:42.9,189
11:43.2,192
11:43.5,190
11:43.8,194
11:44.1,191
11:44.4,191
11:44.8,194
11:45.1,190
11:45.4,192
11:45.7,191
11:46.0,191
11:46.3,192
11:46.6,194
11:47.0,192
11:47.3,189
11:47.6,192
11:47.9,192
11:48.2,191
11:48.5,193
11:48.8,189
11:49.1,193
11:49.5,189
11:49.8,193
11:50.1,192
11:50.4,191
11:50.7,194
11:51.0,192
11:51.3,190
11:51.7,191
11:52.0,193
11:52.3,191
11:52.6,195
11:52.9,192
11:53.2,190
11:53.5,190
11:53.8,193
11:54.2,192
11:54.5,195
11:54.8,192
11:55.1,189
11:55.4,190
11:55.7,194
11:56.0,193
11:56.3,192
11:56.6,192
11:57.0,192
11:57.3,191
11:57.6,192
11:57.9,192
11:58.2,194
11:58.5,194
11:58.8,190
11:59.1,192
11:59.5,194
11:59.8,192
12:00.1,195
12:00.4,190
12:00.7,192
12:01.0,192
12:01.3,193
12:01.6,193
12:02.0,194
12:02.3,196
12:02.6,194
12:02.9,189
12:03.2,194
12:03.5,191
12:03.8,197
12:04.1,191
12:04.4,195
12:04.7,196
12:05.0,192
12:05.4,192
12:05.7,193
12:06.0,194
12:06.3,194
12:06.6,192
12:06.9,195
12:07.2,197
12:07.5,192
12:07.8,192
12:08.2,193
12:08.5,195
12:08.8,195
12:09.1,195
12:09.4,197
12:09.7,196
12:10.0,192
12:10.3,193
12:10.6,194
12:10.9,197
12:11.2,195
12:11.5,194
12:11.9,197
12:12.2,196
12:12.5,192
12:12.8,192
12:13.1,195
12:13.4,198
12:13.7,194
12:14.0,193
12:14.3,198
12:14.6,196
12:14.9,192
12:15.2,194
12:15.5,196
12:15.9,196
12:16.2,196
12:16.5,194
12:16.8,197
12:17.1,193
12:17.4,193
12:17.7,194
12:18.0,198
12:18.3,197
12:18.6,194
12:18.9,195
12:19.2,195
12:19.5,194
12:19.9,194
12:20.2,194
12:20.5,200
12:20.8,196
12:21.1,197
12:21.4,192
12:21.7,197
12:22.0,192
12:22.3,198
12:22.6,194
12:22.9,198
12:23.2,197
12:23.5,197
12:23.8,194
12:24.1,196
12:24.4,195
12:24.8,197
12:25.1,196
12:25.4,197
12:25.7,199
12:26.0,197
12:26.3,193
12:26.6,195
12:26.9,197
12:27.2,199
12:27.5,195
12:27.8,199
12:28.1,199
12:28.4,194
12:28.7,195
12:29.0,196
12:29.3,199
12:29.6,198
12:29.9,196
12:30.2,195
12:30.6,197
12:30.9,194
12:31.2,195
12:31.5,197
12:31.8,199
12:32.1,199
12:32.4,198
12:32.7,192
12:33.0,197
12:33.3,194
12:33.6,201
12:33.9,196
12:34.2,198
12:34.5,199
12:34.8,196
12:35.1,194
12:35.4,194
12:35.7,199
12:36.0,199
12:36.3,197
12:36.7,194
12:37.0,199
12:37.3,193
12:37.6,195
12:37.9,196
12:38.2,201
12:38.5,197
12:38.8,199
12:39.1,194
12:39.4,195
12:39.7,195
12:40.0,198
12:40.3,197
12:40.6,196
12:40.9,199
12:41.2,197
12:41.5,195
12:41.8,197
12:42.1,195
12:42.5,200
12:42.8,199
12:43.1,198
12:43.4,192
12:43.7,197
12:44.0,195
12:44.3,197
12:44.6,197
12:44.9,199
12:45.2,199
12:45.5,194
12:45.8,194
12:46.1,197
12:46.4,198
12:46.7,197
12:47.0,195
12:47.3,200
12:47.6,196
12:47.9,194
12:48.3,194
12:48.6,198
12:48.9,199
12:49.2,198
12:49.5,193
12:49.8,197
12:50.1,194
12:50.4,195
12:50.7,195
12:51.0,200
12:51.3,197
12:51.6,198
12:51.9,193
12:52.2,197
12:52.5,194
12:52.8,197
12:53.1,197
12:53.4,201
12:53.7,199
12:54.0,193
12:54.4,194
12:54.7,195
12:55.0,199
12:55.3,195
12:55.6,200
12:55.9,197
12:56.2,194
12:56.5,194
12:56.8,195
12:57.1,197
12:57.4,199
12:57.7,195
12:58.0,197
12:58.3,194
12:58.6,195
12:59.0,195
12:59.3,197
12:59.6,199
12:59.9,195
13:00.2,195
13:00.5,194
13:00.8,195
13:01.1,195
13:01.4,197
13:01.7,198
13:02.0,195
13:02.3,196
13:02.6,194
13:02.9,194
13:03.2,195
13:03.6,198
13:03.9,199
13:04.2,194
13:04.5,197
13:04.8,194
13:05.1,193
13:05.4,195
13:05.7,199
13:06.0,199
13:06.3,196
13:06.6,195
13:06.9,197
13:07.2,195
13:07.5,194
13:07.8,198
13:08.1,198
13:08.4,201
13:08.7,194
13:09.1,196
13:09.4,196
13:09.7,193
13:10.0,196
13:10.3,197
13:10.6,197
13:10.9,196
13:11.2,197
13:11.5,198
13:11.8,194
13:12.1,195
13:12.4,196
13:12.7,196
13:13.0,195
13:13.3,195
13:13.6,195
13:14.0,195
13:14.3,196
